barcode	sample
TCCATACGCGAA	Sample_1
CATCAACTCGAA	Sample_2
CCTAACCTACAA	Sample_3
TGTTATGGCCAA	Sample_4
GTAGGCGCATGA	Sample_5
ACGTATTGTCCA	Sample_6
CAGCGGAACTTA	Sample_7
CCACGTAAGAGG	Sample_8
GATTCATTCGGA	Sample_9
AGCATAGCCACA	Sample_10
CTTCCAGAGGCA	Sample_11
TAGCGGTCTGCA	Sample_12
TCGGTTCGCTCA	Sample_13
CTCTTCTACTAG	Sample_14
CTTCCTTGTCGG	Sample_15
GAGTGTCATGTT	Sample_16
TCTTGCGTTCAA	Sample_17
TCAGGTCGTGGA	Sample_18
TTGAATGTGCGA	Sample_19
GGATATTCCACA	Sample_20
CACCGTGGATCA	Sample_21
TCACGACGACAG	Sample_22
CCTCTATGGTCC	Sample_23
TTAGCACACCTT	Sample_24
CGCGGTCAAGAA	Sample_25
CTTCTCGCTACA	Sample_26
GTCACCAAGCCA	Sample_27
ACCAGCCACCTA	Sample_28
TCTGCGAGATGG	Sample_29
ATTCGAATTCCG	Sample_30
CCAGTGTCCTTG	Sample_31
CCACTCTAGGCT	Sample_32
AGAACGACACAA	Sample_33
GCCTCAAGATAA	Sample_34
ATCTCGATACGA	Sample_35
AATGCATCAGCA	Sample_36